{
  "name": "ehr-2.0",
  "version": "0.0.0",
  "scripts": {
    "ng": "ng",
    "start": "ng serve",
    "build": "ng build",
    "watch": "ng build --watch --configuration development",
    "test": "ng test"
  },
  "private": true,
  "dependencies": {
    "@angular/animations": "~13.1.0",
    "@angular/common": "~13.1.0",
    "@angular/compiler": "~13.1.0",
    "@angular/core": "~13.1.0",
    "@angular/forms": "~13.1.0",
    "@angular/platform-browser": "~13.1.0",
    "@angular/platform-browser-dynamic": "~13.1.0",
    "@angular/router": "~13.1.0",
    "assert": "^2.0.0",
    "bootstrap": "^5.1.3",
    "crypto-browserify": "^3.12.0",
    "https-browserify": "^1.0.0",
    "ipfs-mini": "^1.1.5",
    "ngx-image-compress": "^13.1.6",
    "os-browserify": "^0.3.0",
    "rxjs": "~7.4.0",
    "stream-browserify": "^3.0.0",
    "stream-http": "^3.2.0",
    "truffle-contract": "^4.0.31",
    "tslib": "^2.3.0",
    "web3": "1.0.0-beta.55",
    "update": "^0.7.4",
    "zone.js": "~0.11.4"
  },
  "devDependencies": {
    "@angular-devkit/build-angular": "~13.1.3",
    "@angular/cli": "~13.1.3",
    "@angular/compiler-cli": "~13.1.0",
    "@types/jasmine": "~3.10.0",
    "@types/node": "^12.11.1",
    "jasmine-core": "~3.10.0",
    "karma": "~6.3.0",
    "karma-chrome-launcher": "~3.1.0",
    "karma-coverage": "~2.1.0",
    "karma-jasmine": "~4.0.0",
    "karma-jasmine-html-reporter": "~1.7.0",
    "typescript": "~4.5.2"
  },
  "browser": {
    "crypto": false,
    "https": false,
    "http": false,
    "os": false,
    "stream": false
  }
}
